{
  "Isolation Forest": {
    "0": {
      "precision": 0.8025279734769996,
      "recall": 0.9478707782672541,
      "f1-score": 0.869165170556553,
      "support": 8172.0
    },
    "1": {
      "precision": 0.8649334178820546,
      "recall": 0.5886922744928788,
      "f1-score": 0.7005649717514124,
      "support": 4634.0
    },
    "accuracy": 0.8178978603779479,
    "macro avg": {
      "precision": 0.8337306956795271,
      "recall": 0.7682815263800664,
      "f1-score": 0.7848650711539826,
      "support": 12806.0
    },
    "weighted avg": {
      "precision": 0.8251101091456724,
      "recall": 0.8178978603779479,
      "f1-score": 0.8081552282433387,
      "support": 12806.0
    }
  },
  "Autoencoder": {
    "0": {
      "precision": 0.9996126533247256,
      "recall": 0.9473813020068527,
      "f1-score": 0.9727963812276182,
      "support": 8172.0
    },
    "1": {
      "precision": 0.9150365540407034,
      "recall": 0.9993526111350884,
      "f1-score": 0.9553378029912326,
      "support": 4634.0
    },
    "accuracy": 0.9661877245041387,
    "macro avg": {
      "precision": 0.9573246036827145,
      "recall": 0.9733669565709706,
      "f1-score": 0.9640670921094254,
      "support": 12806.0
    },
    "weighted avg": {
      "precision": 0.9690078084018645,
      "recall": 0.9661877245041387,
      "f1-score": 0.9664787916955699,
      "support": 12806.0
    }
  },
  "CNN-LSTM": {
    "0": {
      "precision": 1.0,
      "recall": 0.9485798237022527,
      "f1-score": 0.9736114601658709,
      "support": 8168.0
    },
    "1": {
      "precision": 0.9168975069252078,
      "recall": 1.0,
      "f1-score": 0.9566473988439307,
      "support": 4634.0
    },
    "accuracy": 0.9671926261521637,
    "macro avg": {
      "precision": 0.9584487534626038,
      "recall": 0.9742899118511263,
      "f1-score": 0.9651294295049008,
      "support": 12802.0
    },
    "weighted avg": {
      "precision": 0.9699190007101557,
      "recall": 0.9671926261521637,
      "f1-score": 0.967470899303047,
      "support": 12802.0
    }
  }
}