{
  "Isolation Forest": {
    "0": {
      "precision": 1.0,
      "recall": 0.6419481155163974,
      "f1-score": 0.7819347145625279,
      "support": 8172.0
    },
    "1": {
      "precision": 0.6129629629629629,
      "recall": 1.0,
      "f1-score": 0.7600459242250287,
      "support": 4634.0
    },
    "accuracy": 0.771513353115727,
    "macro avg": {
      "precision": 0.8064814814814815,
      "recall": 0.8209740577581988,
      "f1-score": 0.7709903193937784,
      "support": 12806.0
    },
    "weighted avg": {
      "precision": 0.8599461479283438,
      "recall": 0.771513353115727,
      "f1-score": 0.7740140012700111,
      "support": 12806.0
    }
  },
  "Autoencoder": {
    "0": {
      "precision": 0.9927802251590798,
      "recall": 0.9927802251590798,
      "f1-score": 0.9927802251590798,
      "support": 8172.0
    },
    "1": {
      "precision": 0.9872680189900733,
      "recall": 0.9872680189900733,
      "f1-score": 0.9872680189900733,
      "support": 4634.0
    },
    "accuracy": 0.9907855692644073,
    "macro avg": {
      "precision": 0.9900241220745766,
      "recall": 0.9900241220745766,
      "f1-score": 0.9900241220745766,
      "support": 12806.0
    },
    "weighted avg": {
      "precision": 0.9907855692644073,
      "recall": 0.9907855692644073,
      "f1-score": 0.9907855692644073,
      "support": 12806.0
    }
  },
  "CNN-LSTM": {
    "0": {
      "precision": 0.9988990825688073,
      "recall": 0.9997551420176298,
      "f1-score": 0.9993269289604112,
      "support": 8168.0
    },
    "1": {
      "precision": 0.9995677544845473,
      "recall": 0.9980578334052654,
      "f1-score": 0.9988122233020192,
      "support": 4634.0
    },
    "accuracy": 0.9991407592563661,
    "macro avg": {
      "precision": 0.9992334185266774,
      "recall": 0.9989064877114476,
      "f1-score": 0.9990695761312152,
      "support": 12802.0
    },
    "weighted avg": {
      "precision": 0.9991411248791916,
      "recall": 0.9991407592563661,
      "f1-score": 0.999140618538525,
      "support": 12802.0
    }
  }
}