{
  "Isolation Forest": {
    "0": {
      "precision": 0.6888731396172927,
      "recall": 0.9515418502202643,
      "f1-score": 0.7991778006166496,
      "support": 8172.0
    },
    "1": {
      "precision": 0.7391304347826086,
      "recall": 0.2421234354769098,
      "f1-score": 0.3647594278283485,
      "support": 4634.0
    },
    "accuracy": 0.6948305481805404,
    "macro avg": {
      "precision": 0.7140017871999507,
      "recall": 0.5968326428485871,
      "f1-score": 0.581968614222499,
      "support": 12806.0
    },
    "weighted avg": {
      "precision": 0.7070593262326351,
      "recall": 0.6948305481805404,
      "f1-score": 0.6419784612834474,
      "support": 12806.0
    }
  },
  "Autoencoder": {
    "0": {
      "precision": 0.8514544587505961,
      "recall": 0.8739598629466471,
      "f1-score": 0.8625603864734299,
      "support": 8172.0
    },
    "1": {
      "precision": 0.7668628338614758,
      "recall": 0.7311178247734139,
      "f1-score": 0.7485638532920902,
      "support": 4634.0
    },
    "accuracy": 0.8222708105575511,
    "macro avg": {
      "precision": 0.809158646306036,
      "recall": 0.8025388438600305,
      "f1-score": 0.80556211988276,
      "support": 12806.0
    },
    "weighted avg": {
      "precision": 0.8208439957070084,
      "recall": 0.8222708105575511,
      "f1-score": 0.8213094154627842,
      "support": 12806.0
    }
  },
  "CNN-LSTM": {
    "0": {
      "precision": 1.0,
      "recall": 0.7971351616062684,
      "f1-score": 0.8871176510661489,
      "support": 8168.0
    },
    "1": {
      "precision": 0.7366078524876808,
      "recall": 1.0,
      "f1-score": 0.8483295194508009,
      "support": 4634.0
    },
    "accuracy": 0.8705670988907983,
    "macro avg": {
      "precision": 0.8683039262438403,
      "recall": 0.8985675808031341,
      "f1-score": 0.8677235852584749,
      "support": 12802.0
    },
    "weighted avg": {
      "precision": 0.9046587086727006,
      "recall": 0.8705670988907983,
      "f1-score": 0.8730773290925883,
      "support": 12802.0
    }
  }
}