{
  "Isolation Forest": {
    "0": {
      "precision": 0.9124656278643446,
      "recall": 0.5477303988995873,
      "f1-score": 0.6845452982637098,
      "support": 3635.0
    },
    "1": {
      "precision": 0.8451685816537955,
      "recall": 0.9791598472449536,
      "f1-score": 0.907243592983875,
      "support": 9165.0
    },
    "accuracy": 0.856640625,
    "macro avg": {
      "precision": 0.87881710475907,
      "recall": 0.7634451230722705,
      "f1-score": 0.7958944456237924,
      "support": 12800.0
    },
    "weighted avg": {
      "precision": 0.8642798912612445,
      "recall": 0.856640625,
      "f1-score": 0.8440007569442031,
      "support": 12800.0
    }
  },
  "Autoencoder": {
    "0": {
      "precision": 1.0,
      "recall": 0.0002751031636863824,
      "f1-score": 0.00055005500550055,
      "support": 3635.0
    },
    "1": {
      "precision": 0.7160715680912572,
      "recall": 1.0,
      "f1-score": 0.8345474412675287,
      "support": 9165.0
    },
    "accuracy": 0.71609375,
    "macro avg": {
      "precision": 0.8580357840456285,
      "recall": 0.5001375515818431,
      "f1-score": 0.4175487481365146,
      "support": 12800.0
    },
    "weighted avg": {
      "precision": 0.7967028063715915,
      "recall": 0.71609375,
      "f1-score": 0.5977052147782731,
      "support": 12800.0
    }
  },
  "CNN-LSTM": {
    "0": {
      "precision": 0.9236295902075572,
      "recall": 0.9548830811554333,
      "f1-score": 0.938996347896659,
      "support": 3635.0
    },
    "1": {
      "precision": 0.9818543925647267,
      "recall": 0.9686715424080341,
      "f1-score": 0.9752184185944283,
      "support": 9161.0
    },
    "accuracy": 0.96475461081588,
    "macro avg": {
      "precision": 0.9527419913861419,
      "recall": 0.9617773117817336,
      "f1-score": 0.9571073832455437,
      "support": 12796.0
    },
    "weighted avg": {
      "precision": 0.9653142896756746,
      "recall": 0.96475461081588,
      "f1-score": 0.9649287009493523,
      "support": 12796.0
    }
  }
}