{
  "Isolation Forest": {
    "0": {
      "precision": 0.6709477041887014,
      "recall": 0.9780959373470387,
      "f1-score": 0.7959173512571571,
      "support": 8172.0
    },
    "1": {
      "precision": 0.799552071668533,
      "recall": 0.1540785498489426,
      "f1-score": 0.2583680115795187,
      "support": 4634.0
    },
    "accuracy": 0.6799156645322505,
    "macro avg": {
      "precision": 0.7352498879286172,
      "recall": 0.5660872435979907,
      "f1-score": 0.527142681418338,
      "support": 12806.0
    },
    "weighted avg": {
      "precision": 0.7174846898908364,
      "recall": 0.6799156645322505,
      "f1-score": 0.6013988724139449,
      "support": 12806.0
    }
  },
  "Autoencoder": {
    "0": {
      "precision": 0.7355052457205964,
      "recall": 0.9779735682819384,
      "f1-score": 0.839583989914907,
      "support": 8172.0
    },
    "1": {
      "precision": 0.9072164948453608,
      "recall": 0.37980146741476045,
      "f1-score": 0.535442652874962,
      "support": 4634.0
    },
    "accuracy": 0.7615180384194908,
    "macro avg": {
      "precision": 0.8213608702829787,
      "recall": 0.6788875178483494,
      "f1-score": 0.6875133213949345,
      "support": 12806.0
    },
    "weighted avg": {
      "precision": 0.7976409577652753,
      "recall": 0.7615180384194908,
      "f1-score": 0.7295269107455251,
      "support": 12806.0
    }
  },
  "CNN-LSTM": {
    "0": {
      "precision": 1.0,
      "recall": 0.9801665034280117,
      "f1-score": 0.9899839248176086,
      "support": 8168.0
    },
    "1": {
      "precision": 0.9662218515429525,
      "recall": 1.0,
      "f1-score": 0.9828207847295864,
      "support": 4634.0
    },
    "accuracy": 0.9873457272301203,
    "macro avg": {
      "precision": 0.9831109257714763,
      "recall": 0.9900832517140059,
      "f1-score": 0.9864023547735975,
      "support": 12802.0
    },
    "weighted avg": {
      "precision": 0.9877731651343572,
      "recall": 0.9873457272301203,
      "f1-score": 0.9873910493944017,
      "support": 12802.0
    }
  }
}