{
  "Isolation Forest": {
    "0": {
      "precision": 0.7349054872453661,
      "recall": 0.9800538423886441,
      "f1-score": 0.8399580492920818,
      "support": 8172.0
    },
    "1": {
      "precision": 0.9145702306079665,
      "recall": 0.37656452309020283,
      "f1-score": 0.5334760012228676,
      "support": 4634.0
    },
    "accuracy": 0.7616742152116196,
    "macro avg": {
      "precision": 0.8247378589266663,
      "recall": 0.6783091827394234,
      "f1-score": 0.6867170252574748,
      "support": 12806.0
    },
    "weighted avg": {
      "precision": 0.799919263658164,
      "recall": 0.7616742152116196,
      "f1-score": 0.7290539566204639,
      "support": 12806.0
    }
  },
  "Autoencoder": {
    "0": {
      "precision": 0.9940417080436942,
      "recall": 0.9799314733235438,
      "f1-score": 0.9869361597239339,
      "support": 8172.0
    },
    "1": {
      "precision": 0.9654736842105263,
      "recall": 0.9896417781614156,
      "f1-score": 0.9774083546462063,
      "support": 4634.0
    },
    "accuracy": 0.983445260034359,
    "macro avg": {
      "precision": 0.9797576961271102,
      "recall": 0.9847866257424798,
      "f1-score": 0.9821722571850702,
      "support": 12806.0
    },
    "weighted avg": {
      "precision": 0.9837040364489027,
      "recall": 0.983445260034359,
      "f1-score": 0.9834884126733178,
      "support": 12806.0
    }
  },
  "CNN-LSTM": {
    "0": {
      "precision": 1.0,
      "recall": 0.9817580803134183,
      "f1-score": 0.9907950824735899,
      "support": 8168.0
    },
    "1": {
      "precision": 0.9688480033451808,
      "recall": 1.0,
      "f1-score": 0.9841775512371244,
      "support": 4634.0
    },
    "accuracy": 0.9883611935635057,
    "macro avg": {
      "precision": 0.9844240016725905,
      "recall": 0.9908790401567091,
      "f1-score": 0.9874863168553571,
      "support": 12802.0
    },
    "weighted avg": {
      "precision": 0.9887237656226815,
      "recall": 0.9883611935635057,
      "f1-score": 0.98839970364608,
      "support": 12802.0
    }
  }
}